{
  "$schema": "https://json.schemastore.org/staticwebapp.config.json",
  "trailingSlash": "auto",
  "platform": {
    "apiRuntime": "node:20"
  },
  "routes": [
    {
      "route": "/api/*",
      "statusCode": 404
    },
    {
      "route": "/*",
      "rewrite": "/index.html"
    }
  ],
  "navigationFallback": {
    "rewrite": "/index.html",
    "exclude": ["/*.{css,scss,js,png,gif,ico,jpg,svg}"]
  },
  "mimeTypes": {
    ".json": "text/json"
  },
  "globalHeaders": {
    "Cache-Control": "no-cache"
  },
  "responseOverrides": {
    "401": {
      "redirect": "/login",
      "statusCode": 302
    },
    "403": {
      "redirect": "/unauthorized",
      "statusCode": 302
    }
  }
}
